{"count":1,"self":762.2333952,"total":874.25546,"children":{"InitializeActuators":{"count":2,"self":0.0039943999999999995,"total":0.0039943999999999995,"children":null},"InitializeSensors":{"count":2,"self":0.0029935,"total":0.0029935,"children":null},"AgentSendState":{"count":11973,"self":1.9629075999999999,"total":7.8911184999999993,"children":{"CollectObservations":{"count":11973,"self":1.2824065999999998,"total":1.2824065999999998,"children":null},"WriteActionMask":{"count":11973,"self":1.2703887999999999,"total":1.2703887999999999,"children":null},"RequestDecision":{"count":11973,"self":0.9800705999999999,"total":3.3754155999999997,"children":{"AgentInfo.ToProto":{"count":11973,"self":1.1217899,"total":2.395345,"children":{"GenerateSensorData":{"count":11973,"self":1.2735551,"total":1.2735551,"children":null}}}}}}},"DecideAction":{"count":11973,"self":103.8487232,"total":103.84872019999999,"children":null},"AgentAct":{"count":11973,"self":0.1614125,"total":0.1614125,"children":null},"AgentInfo.ToProto":{"count":401,"self":0.0495134,"total":0.11082739999999999,"children":{"GenerateSensorData":{"count":401,"self":0.061314,"total":0.061314,"children":null}}}},"gauges":{"EnemyBehaviour.CumulativeReward":{"count":401,"max":1,"min":-1,"runningAverage":-0.145566314,"value":0,"weightedAverage":-0.09642924}},"metadata":{"timer_format_version":"0.1.0","start_time_seconds":"1704481560","unity_version":"2022.2.11f1","command_line_arguments":"C:\\Program Files\\Unity\\Hub\\Editor\\2022.2.11f1\\Editor\\Unity.exe -projectpath C:\\Users\\PC\\Documents\\GitHub\\RPG-Project-Unity -useHub -hubIPC -cloudEnvironment production -licensingIpc LicenseClient-PC -hubSessionId 93765e59-1b75-4177-8353-96dea808fbc1 -accessToken cYY94AzmpkhueboH-pQC201n9Tz5IpSyREj82rb-2zY007f","communication_protocol_version":"1.5.0","com.unity.ml-agents_version":"2.0.1","scene_name":"TrainingScene","end_time_seconds":"1704482434"}}